path	architecture	machine	package	area
bin/bash.exe	arm64	0xAA64		bin
bin/git.exe	arm64	0xAA64		bin
bin/sh.exe	arm64	0xAA64		bin
clangarm64/bin/Atlassian.Bitbucket.dll	anycpu	0x014C		mingw
clangarm64/bin/Avalonia.Base.dll	anycpu	0x014C		mingw
clangarm64/bin/Avalonia.Controls.dll	anycpu	0x014C		mingw
clangarm64/bin/Avalonia.DesignerSupport.dll	anycpu	0x014C		mingw
clangarm64/bin/Avalonia.Dialogs.dll	anycpu	0x014C		mingw
clangarm64/bin/Avalonia.Markup.Xaml.dll	anycpu	0x014C		mingw
clangarm64/bin/Avalonia.Markup.dll	anycpu	0x014C		mingw
clangarm64/bin/Avalonia.Metal.dll	anycpu	0x014C		mingw
clangarm64/bin/Avalonia.MicroCom.dll	anycpu	0x014C		mingw
clangarm64/bin/Avalonia.OpenGL.dll	anycpu	0x014C		mingw
clangarm64/bin/Avalonia.Remote.Protocol.dll	anycpu	0x014C		mingw
clangarm64/bin/Avalonia.Skia.dll	anycpu	0x014C		mingw
clangarm64/bin/Avalonia.Themes.Fluent.dll	anycpu	0x014C		mingw
clangarm64/bin/Avalonia.Vulkan.dll	anycpu	0x014C		mingw
clangarm64/bin/Avalonia.Win32.dll	anycpu	0x014C		mingw
clangarm64/bin/Avalonia.dll	anycpu	0x014C		mingw
clangarm64/bin/GitHub.dll	anycpu	0x014C		mingw
clangarm64/bin/GitLab.dll	anycpu	0x014C		mingw
clangarm64/bin/HarfBuzzSharp.dll	anycpu	0x014C		mingw
clangarm64/bin/MicroCom.Runtime.dll	anycpu	0x014C		mingw
clangarm64/bin/Microsoft.AzureRepos.dll	anycpu	0x014C		mingw
clangarm64/bin/Microsoft.Bcl.AsyncInterfaces.dll	anycpu	0x014C		mingw
clangarm64/bin/Microsoft.Identity.Client.Broker.dll	anycpu	0x014C		mingw
clangarm64/bin/Microsoft.Identity.Client.Extensions.Msal.dll	anycpu	0x014C		mingw
clangarm64/bin/Microsoft.Identity.Client.NativeInterop.dll	anycpu	0x014C		mingw
clangarm64/bin/Microsoft.Identity.Client.dll	anycpu	0x014C		mingw
clangarm64/bin/Microsoft.IdentityModel.Abstractions.dll	anycpu	0x014C		mingw
clangarm64/bin/SkiaSharp.dll	anycpu	0x014C		mingw
clangarm64/bin/System.Buffers.dll	anycpu	0x014C		mingw
clangarm64/bin/System.CommandLine.dll	anycpu	0x014C		mingw
clangarm64/bin/System.ComponentModel.Annotations.dll	anycpu	0x014C		mingw
clangarm64/bin/System.Diagnostics.DiagnosticSource.dll	anycpu	0x014C		mingw
clangarm64/bin/System.Formats.Asn1.dll	anycpu	0x014C		mingw
clangarm64/bin/System.IO.FileSystem.AccessControl.dll	anycpu	0x014C		mingw
clangarm64/bin/System.Memory.dll	anycpu	0x014C		mingw
clangarm64/bin/System.Numerics.Vectors.dll	anycpu	0x014C		mingw
clangarm64/bin/System.Runtime.CompilerServices.Unsafe.dll	anycpu	0x014C		mingw
clangarm64/bin/System.Security.AccessControl.dll	anycpu	0x014C		mingw
clangarm64/bin/System.Security.Cryptography.ProtectedData.dll	anycpu	0x014C		mingw
clangarm64/bin/System.Security.Principal.Windows.dll	anycpu	0x014C		mingw
clangarm64/bin/System.Text.Encodings.Web.dll	anycpu	0x014C		mingw
clangarm64/bin/System.Text.Json.dll	anycpu	0x014C		mingw
clangarm64/bin/System.Threading.Tasks.Extensions.dll	anycpu	0x014C		mingw
clangarm64/bin/System.ValueTuple.dll	anycpu	0x014C		mingw
clangarm64/bin/WhoUses.exe	arm64	0xAA64		mingw
clangarm64/bin/adig.exe	arm64	0xAA64		mingw
clangarm64/bin/ahost.exe	arm64	0xAA64		mingw
clangarm64/bin/antiword.exe	arm64	0xAA64		mingw
clangarm64/bin/av_libglesv2.dll	arm64	0xAA64		mingw
clangarm64/bin/blocked-file-util.exe	arm64	0xAA64		mingw
clangarm64/bin/brotli.exe	arm64	0xAA64		mingw
clangarm64/bin/bunzip2.exe	arm64	0xAA64		mingw
clangarm64/bin/bzcat.exe	arm64	0xAA64		mingw
clangarm64/bin/bzip2.exe	arm64	0xAA64		mingw
clangarm64/bin/bzip2recover.exe	arm64	0xAA64		mingw
clangarm64/bin/connect.exe	arm64	0xAA64		mingw
clangarm64/bin/create-shortcut.exe	arm64	0xAA64		mingw
clangarm64/bin/curl.exe	arm64	0xAA64		mingw
clangarm64/bin/docx-strip-pii.exe	arm64	0xAA64		mingw
clangarm64/bin/docx2txt.exe	arm64	0xAA64		mingw
clangarm64/bin/edit.dll	arm64	0xAA64		mingw
clangarm64/bin/edit_test.exe	arm64	0xAA64		mingw
clangarm64/bin/edit_test_dll.exe	arm64	0xAA64		mingw
clangarm64/bin/envsubst.exe	arm64	0xAA64		mingw
clangarm64/bin/gcmcore.dll	anycpu	0x014C		mingw
clangarm64/bin/gettext.exe	arm64	0xAA64		mingw
clangarm64/bin/git-askpass.exe	arm64	0xAA64		mingw
clangarm64/bin/git-askyesno.exe	arm64	0xAA64		mingw
clangarm64/bin/git-credential-helper-selector.exe	arm64	0xAA64		mingw
clangarm64/bin/git-credential-manager.exe	arm64	0xAA64		mingw
clangarm64/bin/git-lfs.exe	arm64	0xAA64		mingw
clangarm64/bin/git-receive-pack.exe	arm64	0xAA64		mingw
clangarm64/bin/git-upload-archive.exe	arm64	0xAA64		mingw
clangarm64/bin/git-upload-pack.exe	arm64	0xAA64		mingw
clangarm64/bin/git.exe	arm64	0xAA64		mingw
clangarm64/bin/libHarfBuzzSharp.dll	arm64	0xAA64		mingw
clangarm64/bin/libSkiaSharp.dll	arm64	0xAA64		mingw
clangarm64/bin/libbrotlicommon.dll	arm64	0xAA64		mingw
clangarm64/bin/libbrotlidec.dll	arm64	0xAA64		mingw
clangarm64/bin/libbrotlienc.dll	arm64	0xAA64		mingw
clangarm64/bin/libbz2-1.dll	arm64	0xAA64		mingw
clangarm64/bin/libc++.dll	arm64	0xAA64		mingw
clangarm64/bin/libcares-2.dll	arm64	0xAA64		mingw
clangarm64/bin/libcrypto-3.dll	arm64	0xAA64		mingw
clangarm64/bin/libcurl-4.dll	arm64	0xAA64		mingw
clangarm64/bin/libcurl-openssl-4.dll	arm64	0xAA64		mingw
clangarm64/bin/libexpat-1.dll	arm64	0xAA64		mingw
clangarm64/bin/libffi-8.dll	arm64	0xAA64		mingw
clangarm64/bin/libgmp-10.dll	arm64	0xAA64		mingw
clangarm64/bin/libhogweed-6.dll	arm64	0xAA64		mingw
clangarm64/bin/libiconv-2.dll	arm64	0xAA64		mingw
clangarm64/bin/libidn2-0.dll	arm64	0xAA64		mingw
clangarm64/bin/libintl-8.dll	arm64	0xAA64		mingw
clangarm64/bin/liblzma-5.dll	arm64	0xAA64		mingw
clangarm64/bin/libnettle-8.dll	arm64	0xAA64		mingw
clangarm64/bin/libnghttp2-14.dll	arm64	0xAA64		mingw
clangarm64/bin/libp11-kit-0.dll	arm64	0xAA64		mingw
clangarm64/bin/libpcre2-8-0.dll	arm64	0xAA64		mingw
clangarm64/bin/libpcre2-posix-3.dll	arm64	0xAA64		mingw
clangarm64/bin/libpsl-5.dll	arm64	0xAA64		mingw
clangarm64/bin/libssh2-1.dll	arm64	0xAA64		mingw
clangarm64/bin/libssl-3.dll	arm64	0xAA64		mingw
clangarm64/bin/libtasn1-6.dll	arm64	0xAA64		mingw
clangarm64/bin/libunistring-5.dll	arm64	0xAA64		mingw
clangarm64/bin/libzstd.dll	arm64	0xAA64		mingw
clangarm64/bin/lzmadec.exe	arm64	0xAA64		mingw
clangarm64/bin/lzmainfo.exe	arm64	0xAA64		mingw
clangarm64/bin/msalruntime_arm64.dll	arm64	0xAA64		mingw
clangarm64/bin/odt2txt.exe	arm64	0xAA64		mingw
clangarm64/bin/openssl.exe	arm64	0xAA64		mingw
clangarm64/bin/p11-kit.exe	arm64	0xAA64		mingw
clangarm64/bin/pdftotext.exe	arm64	0xAA64		mingw
clangarm64/bin/pkcs1-conv.exe	arm64	0xAA64		mingw
clangarm64/bin/printf_gettext.exe	arm64	0xAA64		mingw
clangarm64/bin/printf_ngettext.exe	arm64	0xAA64		mingw
clangarm64/bin/proxy-lookup.exe	arm64	0xAA64		mingw
clangarm64/bin/psl.exe	arm64	0xAA64		mingw
clangarm64/bin/scalar.exe	arm64	0xAA64		mingw
clangarm64/bin/sexp-conv.exe	arm64	0xAA64		mingw
clangarm64/bin/tcl86.dll	arm64	0xAA64		mingw
clangarm64/bin/tclsh.exe	arm64	0xAA64		mingw
clangarm64/bin/tclsh86.exe	arm64	0xAA64		mingw
clangarm64/bin/tk86.dll	arm64	0xAA64		mingw
clangarm64/bin/trust.exe	arm64	0xAA64		mingw
clangarm64/bin/unxz.exe	arm64	0xAA64		mingw
clangarm64/bin/wish.exe	arm64	0xAA64		mingw
clangarm64/bin/wish86.exe	arm64	0xAA64		mingw
clangarm64/bin/xmlwf.exe	arm64	0xAA64		mingw
clangarm64/bin/xz.exe	arm64	0xAA64		mingw
clangarm64/bin/xzcat.exe	arm64	0xAA64		mingw
clangarm64/bin/xzdec.exe	arm64	0xAA64		mingw
clangarm64/bin/zlib1.dll	arm64	0xAA64		mingw
clangarm64/lib/engines-3/capi.dll	arm64	0xAA64		mingw
clangarm64/lib/engines-3/loader_attic.dll	arm64	0xAA64		mingw
clangarm64/lib/engines-3/padlock.dll	arm64	0xAA64		mingw
clangarm64/lib/ossl-modules/legacy.dll	arm64	0xAA64		mingw
clangarm64/lib/pkcs11/p11-kit-trust.dll	arm64	0xAA64		mingw
clangarm64/lib/reg1.3/tclreg13.dll	arm64	0xAA64		mingw
clangarm64/lib/thread2.8.13/thread2813.dll	arm64	0xAA64		mingw
clangarm64/libexec/git-core/7z.dll	arm64	0xAA64		mingw
clangarm64/libexec/git-core/Atlassian.Bitbucket.dll	anycpu	0x014C		mingw
clangarm64/libexec/git-core/Avalonia.Base.dll	anycpu	0x014C		mingw
clangarm64/libexec/git-core/Avalonia.Controls.dll	anycpu	0x014C		mingw
clangarm64/libexec/git-core/Avalonia.DesignerSupport.dll	anycpu	0x014C		mingw
clangarm64/libexec/git-core/Avalonia.Dialogs.dll	anycpu	0x014C		mingw
clangarm64/libexec/git-core/Avalonia.Markup.Xaml.dll	anycpu	0x014C		mingw
clangarm64/libexec/git-core/Avalonia.Markup.dll	anycpu	0x014C		mingw
clangarm64/libexec/git-core/Avalonia.Metal.dll	anycpu	0x014C		mingw
clangarm64/libexec/git-core/Avalonia.MicroCom.dll	anycpu	0x014C		mingw
clangarm64/libexec/git-core/Avalonia.OpenGL.dll	anycpu	0x014C		mingw
clangarm64/libexec/git-core/Avalonia.Remote.Protocol.dll	anycpu	0x014C		mingw
clangarm64/libexec/git-core/Avalonia.Skia.dll	anycpu	0x014C		mingw
clangarm64/libexec/git-core/Avalonia.Themes.Fluent.dll	anycpu	0x014C		mingw
clangarm64/libexec/git-core/Avalonia.Vulkan.dll	anycpu	0x014C		mingw
clangarm64/libexec/git-core/Avalonia.Win32.dll	anycpu	0x014C		mingw
clangarm64/libexec/git-core/Avalonia.dll	anycpu	0x014C		mingw
clangarm64/libexec/git-core/GitHub.dll	anycpu	0x014C		mingw
clangarm64/libexec/git-core/GitLab.dll	anycpu	0x014C		mingw
clangarm64/libexec/git-core/HarfBuzzSharp.dll	anycpu	0x014C		mingw
clangarm64/libexec/git-core/MicroCom.Runtime.dll	anycpu	0x014C		mingw
clangarm64/libexec/git-core/Microsoft.AzureRepos.dll	anycpu	0x014C		mingw
clangarm64/libexec/git-core/Microsoft.Bcl.AsyncInterfaces.dll	anycpu	0x014C		mingw
clangarm64/libexec/git-core/Microsoft.Identity.Client.Broker.dll	anycpu	0x014C		mingw
clangarm64/libexec/git-core/Microsoft.Identity.Client.Extensions.Msal.dll	anycpu	0x014C		mingw
clangarm64/libexec/git-core/Microsoft.Identity.Client.NativeInterop.dll	anycpu	0x014C		mingw
clangarm64/libexec/git-core/Microsoft.Identity.Client.dll	anycpu	0x014C		mingw
clangarm64/libexec/git-core/Microsoft.IdentityModel.Abstractions.dll	anycpu	0x014C		mingw
clangarm64/libexec/git-core/SkiaSharp.dll	anycpu	0x014C		mingw
clangarm64/libexec/git-core/System.Buffers.dll	anycpu	0x014C		mingw
clangarm64/libexec/git-core/System.CommandLine.dll	anycpu	0x014C		mingw
clangarm64/libexec/git-core/System.ComponentModel.Annotations.dll	anycpu	0x014C		mingw
clangarm64/libexec/git-core/System.Diagnostics.DiagnosticSource.dll	anycpu	0x014C		mingw
clangarm64/libexec/git-core/System.Formats.Asn1.dll	anycpu	0x014C		mingw
clangarm64/libexec/git-core/System.IO.FileSystem.AccessControl.dll	anycpu	0x014C		mingw
clangarm64/libexec/git-core/System.Memory.dll	anycpu	0x014C		mingw
clangarm64/libexec/git-core/System.Numerics.Vectors.dll	anycpu	0x014C		mingw
clangarm64/libexec/git-core/System.Runtime.CompilerServices.Unsafe.dll	anycpu	0x014C		mingw
clangarm64/libexec/git-core/System.Security.AccessControl.dll	anycpu	0x014C		mingw
clangarm64/libexec/git-core/System.Security.Cryptography.ProtectedData.dll	anycpu	0x014C		mingw
clangarm64/libexec/git-core/System.Security.Principal.Windows.dll	anycpu	0x014C		mingw
clangarm64/libexec/git-core/System.Text.Encodings.Web.dll	anycpu	0x014C		mingw
clangarm64/libexec/git-core/System.Text.Json.dll	anycpu	0x014C		mingw
clangarm64/libexec/git-core/System.Threading.Tasks.Extensions.dll	anycpu	0x014C		mingw
clangarm64/libexec/git-core/System.ValueTuple.dll	anycpu	0x014C		mingw
clangarm64/libexec/git-core/aarch64-ucrt-ruby340.dll	arm64	0xAA64		mingw
clangarm64/libexec/git-core/av_libglesv2.dll	arm64	0xAA64		mingw
clangarm64/libexec/git-core/edit.dll	arm64	0xAA64		mingw
clangarm64/libexec/git-core/gcmcore.dll	anycpu	0x014C		mingw
clangarm64/libexec/git-core/git-credential-wincred.exe	arm64	0xAA64		mingw
clangarm64/libexec/git-core/git-daemon.exe	arm64	0xAA64		mingw
clangarm64/libexec/git-core/git-http-backend.exe	arm64	0xAA64		mingw
clangarm64/libexec/git-core/git-http-fetch.exe	arm64	0xAA64		mingw
clangarm64/libexec/git-core/git-http-push.exe	arm64	0xAA64		mingw
clangarm64/libexec/git-core/git-imap-send.exe	arm64	0xAA64		mingw
clangarm64/libexec/git-core/git-remote-ftp.exe	arm64	0xAA64		mingw
clangarm64/libexec/git-core/git-remote-ftps.exe	arm64	0xAA64		mingw
clangarm64/libexec/git-core/git-remote-http.exe	arm64	0xAA64		mingw
clangarm64/libexec/git-core/git-remote-https.exe	arm64	0xAA64		mingw
clangarm64/libexec/git-core/git-sh-i18n--envsubst.exe	arm64	0xAA64		mingw
clangarm64/libexec/git-core/git.exe	arm64	0xAA64		mingw
clangarm64/libexec/git-core/headless-git.exe	arm64	0xAA64		mingw
clangarm64/libexec/git-core/libHarfBuzzSharp.dll	arm64	0xAA64		mingw
clangarm64/libexec/git-core/libLLVM-22.dll	arm64	0xAA64		mingw
clangarm64/libexec/git-core/libLTO.dll	arm64	0xAA64		mingw
clangarm64/libexec/git-core/libRemarks.dll	arm64	0xAA64		mingw
clangarm64/libexec/git-core/libSkiaSharp.dll	arm64	0xAA64		mingw
clangarm64/libexec/git-core/libasprintf-0.dll	arm64	0xAA64		mingw
clangarm64/libexec/git-core/libb2-1.dll	arm64	0xAA64		mingw
clangarm64/libexec/git-core/libbrotlicommon.dll	arm64	0xAA64		mingw
clangarm64/libexec/git-core/libbrotlidec.dll	arm64	0xAA64		mingw
clangarm64/libexec/git-core/libbrotlienc.dll	arm64	0xAA64		mingw
clangarm64/libexec/git-core/libbz2-1.dll	arm64	0xAA64		mingw
clangarm64/libexec/git-core/libc++.dll	arm64	0xAA64		mingw
clangarm64/libexec/git-core/libcares-2.dll	arm64	0xAA64		mingw
clangarm64/libexec/git-core/libcharset-1.dll	arm64	0xAA64		mingw
clangarm64/libexec/git-core/libclang-cpp.dll	arm64	0xAA64		mingw
clangarm64/libexec/git-core/libclang.dll	arm64	0xAA64		mingw
clangarm64/libexec/git-core/libcrypto-3-arm64.dll	arm64	0xAA64		mingw
clangarm64/libexec/git-core/libcrypto-3.dll	arm64	0xAA64		mingw
clangarm64/libexec/git-core/libcurl-4.dll	arm64	0xAA64		mingw
clangarm64/libexec/git-core/libcurl-openssl-4.dll	arm64	0xAA64		mingw
clangarm64/libexec/git-core/libexpat-1.dll	arm64	0xAA64		mingw
clangarm64/libexec/git-core/libexslt-0.dll	arm64	0xAA64		mingw
clangarm64/libexec/git-core/libffi-8.dll	arm64	0xAA64		mingw
clangarm64/libexec/git-core/libformw6.dll	arm64	0xAA64		mingw
clangarm64/libexec/git-core/libgdbm-6.dll	arm64	0xAA64		mingw
clangarm64/libexec/git-core/libgdbm_compat-4.dll	arm64	0xAA64		mingw
clangarm64/libexec/git-core/libgettextlib-1-0.dll	arm64	0xAA64		mingw
clangarm64/libexec/git-core/libgettextpo-0.dll	arm64	0xAA64		mingw
clangarm64/libexec/git-core/libgettextsrc-1-0.dll	arm64	0xAA64		mingw
clangarm64/libexec/git-core/libgmp-10.dll	arm64	0xAA64		mingw
clangarm64/libexec/git-core/libgmpxx-4.dll	arm64	0xAA64		mingw
clangarm64/libexec/git-core/libgnutls-30.dll	arm64	0xAA64		mingw
clangarm64/libexec/git-core/libgnutls-openssl-27.dll	arm64	0xAA64		mingw
clangarm64/libexec/git-core/libgnutlsxx-30.dll	arm64	0xAA64		mingw
clangarm64/libexec/git-core/libhistory8.dll	arm64	0xAA64		mingw
clangarm64/libexec/git-core/libhogweed-6.dll	arm64	0xAA64		mingw
clangarm64/libexec/git-core/libiconv-2.dll	arm64	0xAA64		mingw
clangarm64/libexec/git-core/libidn2-0.dll	arm64	0xAA64		mingw
clangarm64/libexec/git-core/libintl-8.dll	arm64	0xAA64		mingw
clangarm64/libexec/git-core/liblldb.dll	arm64	0xAA64		mingw
clangarm64/libexec/git-core/liblzma-5.dll	arm64	0xAA64		mingw
clangarm64/libexec/git-core/libmenuw6.dll	arm64	0xAA64		mingw
clangarm64/libexec/git-core/libmpdec++-4.dll	arm64	0xAA64		mingw
clangarm64/libexec/git-core/libmpdec-4.dll	arm64	0xAA64		mingw
clangarm64/libexec/git-core/libncurses++w6.dll	arm64	0xAA64		mingw
clangarm64/libexec/git-core/libncursesw6.dll	arm64	0xAA64		mingw
clangarm64/libexec/git-core/libnettle-8.dll	arm64	0xAA64		mingw
clangarm64/libexec/git-core/libnghttp2-14.dll	arm64	0xAA64		mingw
clangarm64/libexec/git-core/libomp.dll	arm64	0xAA64		mingw
clangarm64/libexec/git-core/libp11-kit-0.dll	arm64	0xAA64		mingw
clangarm64/libexec/git-core/libpanelw6.dll	arm64	0xAA64		mingw
clangarm64/libexec/git-core/libpcre2-16-0.dll	arm64	0xAA64		mingw
clangarm64/libexec/git-core/libpcre2-32-0.dll	arm64	0xAA64		mingw
clangarm64/libexec/git-core/libpcre2-8-0.dll	arm64	0xAA64		mingw
clangarm64/libexec/git-core/libpcre2-posix-3.dll	arm64	0xAA64		mingw
clangarm64/libexec/git-core/libpkgconf-7.dll	arm64	0xAA64		mingw
clangarm64/libexec/git-core/libpsl-5.dll	arm64	0xAA64		mingw
clangarm64/libexec/git-core/libpython3.14.dll	arm64	0xAA64		mingw
clangarm64/libexec/git-core/libpython3.dll	arm64	0xAA64		mingw
clangarm64/libexec/git-core/libreadline8.dll	arm64	0xAA64		mingw
clangarm64/libexec/git-core/libsqlite3-0.dll	arm64	0xAA64		mingw
clangarm64/libexec/git-core/libssh2-1.dll	arm64	0xAA64		mingw
clangarm64/libexec/git-core/libssl-3.dll	arm64	0xAA64		mingw
clangarm64/libexec/git-core/libsystre-0.dll	arm64	0xAA64		mingw
clangarm64/libexec/git-core/libtasn1-6.dll	arm64	0xAA64		mingw
clangarm64/libexec/git-core/libtermcap-0.dll	arm64	0xAA64		mingw
clangarm64/libexec/git-core/libtextstyle-0.dll	arm64	0xAA64		mingw
clangarm64/libexec/git-core/libtre-5.dll	arm64	0xAA64		mingw
clangarm64/libexec/git-core/libunistring-5.dll	arm64	0xAA64		mingw
clangarm64/libexec/git-core/libunwind.dll	arm64	0xAA64		mingw
clangarm64/libexec/git-core/libwinpthread-1.dll	arm64	0xAA64		mingw
clangarm64/libexec/git-core/libxml2-16.dll	arm64	0xAA64		mingw
clangarm64/libexec/git-core/libxslt-1.dll	arm64	0xAA64		mingw
clangarm64/libexec/git-core/libyaml-0-2.dll	arm64	0xAA64		mingw
clangarm64/libexec/git-core/libzip.dll	arm64	0xAA64		mingw
clangarm64/libexec/git-core/libzstd.dll	arm64	0xAA64		mingw
clangarm64/libexec/git-core/msalruntime_arm64.dll	arm64	0xAA64		mingw
clangarm64/libexec/git-core/scalar.exe	arm64	0xAA64		mingw
clangarm64/libexec/git-core/tcl86.dll	arm64	0xAA64		mingw
clangarm64/libexec/git-core/tk86.dll	arm64	0xAA64		mingw
clangarm64/libexec/git-core/zlib1.dll	arm64	0xAA64		mingw
clangarm64/libexec/p11-kit/p11-kit-remote.exe	arm64	0xAA64		mingw
clangarm64/libexec/p11-kit/p11-kit-server.exe	arm64	0xAA64		mingw
clangarm64/share/git/compat-bash.exe	arm64	0xAA64		mingw
clangarm64/share/git/edit-git-bash.exe	arm64	0xAA64		mingw
clangarm64/share/git/git-wrapper.exe	arm64	0xAA64		mingw
cmd/git-gui.exe	arm64	0xAA64		cmd
cmd/git-receive-pack.exe	arm64	0xAA64		cmd
cmd/git-upload-pack.exe	arm64	0xAA64		cmd
cmd/git.exe	arm64	0xAA64		cmd
cmd/gitk.exe	arm64	0xAA64		cmd
cmd/scalar.exe	arm64	0xAA64		cmd
cmd/tig.exe	arm64	0xAA64		cmd
git-bash.exe	arm64	0xAA64		root
git-cmd.exe	arm64	0xAA64		root
usr/bin/[.exe	x64	0x8664		msys
usr/bin/arch.exe	x64	0x8664		msys
usr/bin/awk.exe	x64	0x8664		msys
usr/bin/b2sum.exe	x64	0x8664		msys
usr/bin/base32.exe	x64	0x8664		msys
usr/bin/base64.exe	x64	0x8664		msys
usr/bin/basename.exe	x64	0x8664		msys
usr/bin/basenc.exe	x64	0x8664		msys
usr/bin/bash.exe	x64	0x8664		msys
usr/bin/bunzip2.exe	x64	0x8664		msys
usr/bin/bzcat.exe	x64	0x8664		msys
usr/bin/bzip2.exe	x64	0x8664		msys
usr/bin/bzip2recover.exe	x64	0x8664		msys
usr/bin/captoinfo.exe	x64	0x8664		msys
usr/bin/cat.exe	x64	0x8664		msys
usr/bin/chattr.exe	x64	0x8664		msys
usr/bin/chcon.exe	x64	0x8664		msys
usr/bin/chgrp.exe	x64	0x8664		msys
usr/bin/chmod.exe	x64	0x8664		msys
usr/bin/chown.exe	x64	0x8664		msys
usr/bin/chroot.exe	x64	0x8664		msys
usr/bin/cksum.exe	x64	0x8664		msys
usr/bin/clear.exe	x64	0x8664		msys
usr/bin/cmp.exe	x64	0x8664		msys
usr/bin/column.exe	x64	0x8664		msys
usr/bin/comm.exe	x64	0x8664		msys
usr/bin/cp.exe	x64	0x8664		msys
usr/bin/csplit.exe	x64	0x8664		msys
usr/bin/cut.exe	x64	0x8664		msys
usr/bin/cygcheck.exe	x64	0x8664		msys
usr/bin/cygpath.exe	x64	0x8664		msys
usr/bin/cygwin-console-helper.exe	x64	0x8664		msys
usr/bin/d2u.exe	x64	0x8664		msys
usr/bin/dash.exe	x64	0x8664		msys
usr/bin/date.exe	x64	0x8664		msys
usr/bin/dd.exe	x64	0x8664		msys
usr/bin/df.exe	x64	0x8664		msys
usr/bin/diff.exe	x64	0x8664		msys
usr/bin/diff3.exe	x64	0x8664		msys
usr/bin/dir.exe	x64	0x8664		msys
usr/bin/dircolors.exe	x64	0x8664		msys
usr/bin/dirmngr-client.exe	x64	0x8664		msys
usr/bin/dirmngr.exe	x64	0x8664		msys
usr/bin/dirname.exe	x64	0x8664		msys
usr/bin/dos2unix.exe	x64	0x8664		msys
usr/bin/du.exe	x64	0x8664		msys
usr/bin/dumpsexp.exe	x64	0x8664		msys
usr/bin/echo.exe	x64	0x8664		msys
usr/bin/env.exe	x64	0x8664		msys
usr/bin/ex.exe	x64	0x8664		msys
usr/bin/expand.exe	x64	0x8664		msys
usr/bin/expr.exe	x64	0x8664		msys
usr/bin/factor.exe	x64	0x8664		msys
usr/bin/false.exe	x64	0x8664		msys
usr/bin/file.exe	x64	0x8664		msys
usr/bin/find.exe	x64	0x8664		msys
usr/bin/fmt.exe	x64	0x8664		msys
usr/bin/fold.exe	x64	0x8664		msys
usr/bin/funzip.exe	x64	0x8664		msys
usr/bin/gawk-5.4.0.exe	x64	0x8664		msys
usr/bin/gawk.exe	x64	0x8664		msys
usr/bin/gdbm_dump.exe	x64	0x8664		msys
usr/bin/gdbm_load.exe	x64	0x8664		msys
usr/bin/gdbmtool.exe	x64	0x8664		msys
usr/bin/gencat.exe	x64	0x8664		msys
usr/bin/getconf.exe	x64	0x8664		msys
usr/bin/getfacl.exe	x64	0x8664		msys
usr/bin/getopt.exe	x64	0x8664		msys
usr/bin/gkill.exe	x64	0x8664		msys
usr/bin/gmondump.exe	x64	0x8664		msys
usr/bin/gpg-agent.exe	x64	0x8664		msys
usr/bin/gpg-card.exe	x64	0x8664		msys
usr/bin/gpg-connect-agent.exe	x64	0x8664		msys
usr/bin/gpg-error.exe	x64	0x8664		msys
usr/bin/gpg-mail-tube.exe	x64	0x8664		msys
usr/bin/gpg-wks-client.exe	x64	0x8664		msys
usr/bin/gpg-wks-server.exe	x64	0x8664		msys
usr/bin/gpg.exe	x64	0x8664		msys
usr/bin/gpgconf.exe	x64	0x8664		msys
usr/bin/gpgparsemail.exe	x64	0x8664		msys
usr/bin/gpgscm.exe	x64	0x8664		msys
usr/bin/gpgsm.exe	x64	0x8664		msys
usr/bin/gpgsplit.exe	x64	0x8664		msys
usr/bin/gpgtar.exe	x64	0x8664		msys
usr/bin/gpgv.exe	x64	0x8664		msys
usr/bin/grep.exe	x64	0x8664		msys
usr/bin/groups.exe	x64	0x8664		msys
usr/bin/gzip.exe	x64	0x8664		msys
usr/bin/head.exe	x64	0x8664		msys
usr/bin/hmac256.exe	x64	0x8664		msys
usr/bin/hostid.exe	x64	0x8664		msys
usr/bin/hostname.exe	x64	0x8664		msys
usr/bin/iconv.exe	x64	0x8664		msys
usr/bin/id.exe	x64	0x8664		msys
usr/bin/infocmp.exe	x64	0x8664		msys
usr/bin/infotocap.exe	x64	0x8664		msys
usr/bin/install.exe	x64	0x8664		msys
usr/bin/join.exe	x64	0x8664		msys
usr/bin/kbxutil.exe	x64	0x8664		msys
usr/bin/kill.exe	x64	0x8664		msys
usr/bin/ldd.exe	x64	0x8664		msys
usr/bin/ldh.exe	x64	0x8664		msys
usr/bin/less.exe	x64	0x8664		msys
usr/bin/lesskey.exe	x64	0x8664		msys
usr/bin/link.exe	x64	0x8664		msys
usr/bin/ln.exe	x64	0x8664		msys
usr/bin/locale.exe	x64	0x8664		msys
usr/bin/locate.exe	x64	0x8664		msys
usr/bin/logname.exe	x64	0x8664		msys
usr/bin/ls.exe	x64	0x8664		msys
usr/bin/lsattr.exe	x64	0x8664		msys
usr/bin/mac2unix.exe	x64	0x8664		msys
usr/bin/md5sum.exe	x64	0x8664		msys
usr/bin/minidumper.exe	x64	0x8664		msys
usr/bin/mintty.exe	x64	0x8664		msys
usr/bin/mkdir.exe	x64	0x8664		msys
usr/bin/mkfifo.exe	x64	0x8664		msys
usr/bin/mkgroup.exe	x64	0x8664		msys
usr/bin/mknod.exe	x64	0x8664		msys
usr/bin/mkpasswd.exe	x64	0x8664		msys
usr/bin/mktemp.exe	x64	0x8664		msys
usr/bin/mount.exe	x64	0x8664		msys
usr/bin/mpicalc.exe	x64	0x8664		msys
usr/bin/msys-2.0.dll	x64	0x8664		msys
usr/bin/msys-apr-1-0.dll	x64	0x8664		msys
usr/bin/msys-aprutil-1-0.dll	x64	0x8664		msys
usr/bin/msys-asn1-8.dll	x64	0x8664		msys
usr/bin/msys-assuan-9.dll	x64	0x8664		msys
usr/bin/msys-bz2-1.dll	x64	0x8664		msys
usr/bin/msys-cbor-0.11.dll	x64	0x8664		msys
usr/bin/msys-com_err-1.dll	x64	0x8664		msys
usr/bin/msys-crypt-2.dll	x64	0x8664		msys
usr/bin/msys-crypto-3.dll	x64	0x8664		msys
usr/bin/msys-edit-0.dll	x64	0x8664		msys
usr/bin/msys-expat-1.dll	x64	0x8664		msys
usr/bin/msys-ffi-8.dll	x64	0x8664		msys
usr/bin/msys-fido2-1.dll	x64	0x8664		msys
usr/bin/msys-gcc_s-seh-1.dll	x64	0x8664		msys
usr/bin/msys-gcrypt-20.dll	x64	0x8664		msys
usr/bin/msys-gdbm-6.dll	x64	0x8664		msys
usr/bin/msys-gdbm_compat-4.dll	x64	0x8664		msys
usr/bin/msys-gmp-10.dll	x64	0x8664		msys
usr/bin/msys-gnutls-30.dll	x64	0x8664		msys
usr/bin/msys-gpg-error-0.dll	x64	0x8664		msys
usr/bin/msys-gssapi-3.dll	x64	0x8664		msys
usr/bin/msys-hcrypto-4.dll	x64	0x8664		msys
usr/bin/msys-heimbase-1.dll	x64	0x8664		msys
usr/bin/msys-heimntlm-0.dll	x64	0x8664		msys
usr/bin/msys-hogweed-7.dll	x64	0x8664		msys
usr/bin/msys-hx509-5.dll	x64	0x8664		msys
usr/bin/msys-iconv-2.dll	x64	0x8664		msys
usr/bin/msys-idn2-0.dll	x64	0x8664		msys
usr/bin/msys-intl-8.dll	x64	0x8664		msys
usr/bin/msys-krb5-26.dll	x64	0x8664		msys
usr/bin/msys-ksba-8.dll	x64	0x8664		msys
usr/bin/msys-lz4-1.dll	x64	0x8664		msys
usr/bin/msys-lzma-5.dll	x64	0x8664		msys
usr/bin/msys-magic-1.dll	x64	0x8664		msys
usr/bin/msys-mpfr-6.dll	x64	0x8664		msys
usr/bin/msys-ncursesw6.dll	x64	0x8664		msys
usr/bin/msys-nettle-9.dll	x64	0x8664		msys
usr/bin/msys-npth-0.dll	x64	0x8664		msys
usr/bin/msys-p11-kit-0.dll	x64	0x8664		msys
usr/bin/msys-pcre-1.dll	x64	0x8664		msys
usr/bin/msys-pcre2-8-0.dll	x64	0x8664		msys
usr/bin/msys-perl5_42.dll	x64	0x8664		msys
usr/bin/msys-psl-5.dll	x64	0x8664		msys
usr/bin/msys-readline8.dll	x64	0x8664		msys
usr/bin/msys-roken-18.dll	x64	0x8664		msys
usr/bin/msys-sasl2-3.dll	x64	0x8664		msys
usr/bin/msys-serf-1-0.dll	x64	0x8664		msys
usr/bin/msys-smartcols-1.dll	x64	0x8664		msys
usr/bin/msys-sqlite3-0.dll	x64	0x8664		msys
usr/bin/msys-ssl-3.dll	x64	0x8664		msys
usr/bin/msys-svn_client-1-0.dll	x64	0x8664		msys
usr/bin/msys-svn_delta-1-0.dll	x64	0x8664		msys
usr/bin/msys-svn_diff-1-0.dll	x64	0x8664		msys
usr/bin/msys-svn_fs-1-0.dll	x64	0x8664		msys
usr/bin/msys-svn_fs_fs-1-0.dll	x64	0x8664		msys
usr/bin/msys-svn_fs_util-1-0.dll	x64	0x8664		msys
usr/bin/msys-svn_fs_x-1-0.dll	x64	0x8664		msys
usr/bin/msys-svn_ra-1-0.dll	x64	0x8664		msys
usr/bin/msys-svn_ra_local-1-0.dll	x64	0x8664		msys
usr/bin/msys-svn_ra_serf-1-0.dll	x64	0x8664		msys
usr/bin/msys-svn_ra_svn-1-0.dll	x64	0x8664		msys
usr/bin/msys-svn_repos-1-0.dll	x64	0x8664		msys
usr/bin/msys-svn_subr-1-0.dll	x64	0x8664		msys
usr/bin/msys-svn_swig_perl-1-0.dll	x64	0x8664		msys
usr/bin/msys-svn_wc-1-0.dll	x64	0x8664		msys
usr/bin/msys-tasn1-6.dll	x64	0x8664		msys
usr/bin/msys-ticw6.dll	x64	0x8664		msys
usr/bin/msys-unistring-5.dll	x64	0x8664		msys
usr/bin/msys-uuid-1.dll	x64	0x8664		msys
usr/bin/msys-wind-0.dll	x64	0x8664		msys
usr/bin/msys-z.dll	x64	0x8664		msys
usr/bin/msys-zstd-1.dll	x64	0x8664		msys
usr/bin/mv.exe	x64	0x8664		msys
usr/bin/nano.exe	x64	0x8664		msys
usr/bin/nettle-hash.exe	x64	0x8664		msys
usr/bin/nettle-lfib-stream.exe	x64	0x8664		msys
usr/bin/nettle-pbkdf2.exe	x64	0x8664		msys
usr/bin/newgrp.exe	x64	0x8664		msys
usr/bin/nice.exe	x64	0x8664		msys
usr/bin/nl.exe	x64	0x8664		msys
usr/bin/nohup.exe	x64	0x8664		msys
usr/bin/nproc.exe	x64	0x8664		msys
usr/bin/numfmt.exe	x64	0x8664		msys
usr/bin/od.exe	x64	0x8664		msys
usr/bin/openssl.exe	x64	0x8664		msys
usr/bin/p11-kit.exe	x64	0x8664		msys
usr/bin/passwd.exe	x64	0x8664		msys
usr/bin/paste.exe	x64	0x8664		msys
usr/bin/patch.exe	x64	0x8664		msys
usr/bin/pathchk.exe	x64	0x8664		msys
usr/bin/perl.exe	x64	0x8664		msys
usr/bin/perl5.42.2.exe	x64	0x8664		msys
usr/bin/pinentry-w32.exe	x64	0x8664		msys
usr/bin/pinentry.exe	x64	0x8664		msys
usr/bin/pinky.exe	x64	0x8664		msys
usr/bin/pkcs1-conv.exe	x64	0x8664		msys
usr/bin/pldd.exe	x64	0x8664		msys
usr/bin/pluginviewer.exe	x64	0x8664		msys
usr/bin/pr.exe	x64	0x8664		msys
usr/bin/printenv.exe	x64	0x8664		msys
usr/bin/printf.exe	x64	0x8664		msys
usr/bin/profiler.exe	x64	0x8664		msys
usr/bin/ps.exe	x64	0x8664		msys
usr/bin/psl.exe	x64	0x8664		msys
usr/bin/ptx.exe	x64	0x8664		msys
usr/bin/pwd.exe	x64	0x8664		msys
usr/bin/readlink.exe	x64	0x8664		msys
usr/bin/realpath.exe	x64	0x8664		msys
usr/bin/rebase.exe	x64	0x8664		msys
usr/bin/regtool.exe	x64	0x8664		msys
usr/bin/reset.exe	x64	0x8664		msys
usr/bin/rm.exe	x64	0x8664		msys
usr/bin/rmdir.exe	x64	0x8664		msys
usr/bin/rnano.exe	x64	0x8664		msys
usr/bin/runcon.exe	x64	0x8664		msys
usr/bin/rview.exe	x64	0x8664		msys
usr/bin/rvim.exe	x64	0x8664		msys
usr/bin/scp.exe	x64	0x8664		msys
usr/bin/sdiff.exe	x64	0x8664		msys
usr/bin/sed.exe	x64	0x8664		msys
usr/bin/seq.exe	x64	0x8664		msys
usr/bin/setfacl.exe	x64	0x8664		msys
usr/bin/setmetamode.exe	x64	0x8664		msys
usr/bin/sexp-conv.exe	x64	0x8664		msys
usr/bin/sftp.exe	x64	0x8664		msys
usr/bin/sh.exe	x64	0x8664		msys
usr/bin/sha1sum.exe	x64	0x8664		msys
usr/bin/sha224sum.exe	x64	0x8664		msys
usr/bin/sha256sum.exe	x64	0x8664		msys
usr/bin/sha384sum.exe	x64	0x8664		msys
usr/bin/sha512sum.exe	x64	0x8664		msys
usr/bin/shred.exe	x64	0x8664		msys
usr/bin/shuf.exe	x64	0x8664		msys
usr/bin/sleep.exe	x64	0x8664		msys
usr/bin/sort.exe	x64	0x8664		msys
usr/bin/split.exe	x64	0x8664		msys
usr/bin/ssh-add.exe	x64	0x8664		msys
usr/bin/ssh-agent.exe	x64	0x8664		msys
usr/bin/ssh-keygen.exe	x64	0x8664		msys
usr/bin/ssh-keyscan.exe	x64	0x8664		msys
usr/bin/ssh-pageant.exe	x64	0x8664		msys
usr/bin/ssh.exe	x64	0x8664		msys
usr/bin/ssp.exe	x64	0x8664		msys
usr/bin/stat.exe	x64	0x8664		msys
usr/bin/stdbuf.exe	x64	0x8664		msys
usr/bin/strace.exe	x64	0x8664		msys
usr/bin/stty.exe	x64	0x8664		msys
usr/bin/sum.exe	x64	0x8664		msys
usr/bin/sync.exe	x64	0x8664		msys
usr/bin/tabs.exe	x64	0x8664		msys
usr/bin/tac.exe	x64	0x8664		msys
usr/bin/tail.exe	x64	0x8664		msys
usr/bin/tar.exe	x64	0x8664		msys
usr/bin/tee.exe	x64	0x8664		msys
usr/bin/test.exe	x64	0x8664		msys
usr/bin/tic.exe	x64	0x8664		msys
usr/bin/tig.exe	x64	0x8664		msys
usr/bin/timeout.exe	x64	0x8664		msys
usr/bin/toe.exe	x64	0x8664		msys
usr/bin/touch.exe	x64	0x8664		msys
usr/bin/tput.exe	x64	0x8664		msys
usr/bin/tr.exe	x64	0x8664		msys
usr/bin/true.exe	x64	0x8664		msys
usr/bin/truncate.exe	x64	0x8664		msys
usr/bin/trust.exe	x64	0x8664		msys
usr/bin/tset.exe	x64	0x8664		msys
usr/bin/tsort.exe	x64	0x8664		msys
usr/bin/tty.exe	x64	0x8664		msys
usr/bin/tzset.exe	x64	0x8664		msys
usr/bin/u2d.exe	x64	0x8664		msys
usr/bin/umount.exe	x64	0x8664		msys
usr/bin/uname.exe	x64	0x8664		msys
usr/bin/unexpand.exe	x64	0x8664		msys
usr/bin/uniq.exe	x64	0x8664		msys
usr/bin/unix2dos.exe	x64	0x8664		msys
usr/bin/unix2mac.exe	x64	0x8664		msys
usr/bin/unlink.exe	x64	0x8664		msys
usr/bin/unzip.exe	x64	0x8664		msys
usr/bin/unzipsfx.exe	x64	0x8664		msys
usr/bin/users.exe	x64	0x8664		msys
usr/bin/vdir.exe	x64	0x8664		msys
usr/bin/view.exe	x64	0x8664		msys
usr/bin/vim.exe	x64	0x8664		msys
usr/bin/vimdiff.exe	x64	0x8664		msys
usr/bin/watchgnupg.exe	x64	0x8664		msys
usr/bin/wc.exe	x64	0x8664		msys
usr/bin/which.exe	x64	0x8664		msys
usr/bin/who.exe	x64	0x8664		msys
usr/bin/whoami.exe	x64	0x8664		msys
usr/bin/winpty-agent.exe	x64	0x8664		msys
usr/bin/winpty-debugserver.exe	x64	0x8664		msys
usr/bin/winpty.dll	x64	0x8664		msys
usr/bin/winpty.exe	x64	0x8664		msys
usr/bin/xargs.exe	x64	0x8664		msys
usr/bin/xxd.exe	x64	0x8664		msys
usr/bin/yat2m.exe	x64	0x8664		msys
usr/bin/yes.exe	x64	0x8664		msys
usr/bin/zipinfo.exe	x64	0x8664		msys
usr/lib/awk/grcat.exe	x64	0x8664		msys
usr/lib/awk/pwcat.exe	x64	0x8664		msys
usr/lib/coreutils/libstdbuf.dll	x64	0x8664		msys
usr/lib/gawk/filefuncs.dll	x64	0x8664		msys
usr/lib/gawk/fnmatch.dll	x64	0x8664		msys
usr/lib/gawk/fork.dll	x64	0x8664		msys
usr/lib/gawk/inplace.dll	x64	0x8664		msys
usr/lib/gawk/intdiv.dll	x64	0x8664		msys
usr/lib/gawk/ordchr.dll	x64	0x8664		msys
usr/lib/gawk/readdir.dll	x64	0x8664		msys
usr/lib/gawk/readfile.dll	x64	0x8664		msys
usr/lib/gawk/revoutput.dll	x64	0x8664		msys
usr/lib/gawk/revtwoway.dll	x64	0x8664		msys
usr/lib/gawk/rwarray.dll	x64	0x8664		msys
usr/lib/gawk/time.dll	x64	0x8664		msys
usr/lib/gnupg/gpg-auth.exe	x64	0x8664		msys
usr/lib/gnupg/gpg-check-pattern.exe	x64	0x8664		msys
usr/lib/gnupg/gpg-pair-tool.exe	x64	0x8664		msys
usr/lib/gnupg/gpg-preset-passphrase.exe	x64	0x8664		msys
usr/lib/gnupg/gpg-protect-tool.exe	x64	0x8664		msys
usr/lib/gnupg/keyboxd.exe	x64	0x8664		msys
usr/lib/gnupg/scdaemon.exe	x64	0x8664		msys
usr/lib/openssl/engines-3/capi.dll	x64	0x8664		msys
usr/lib/openssl/engines-3/loader_attic.dll	x64	0x8664		msys
usr/lib/openssl/engines-3/padlock.dll	x64	0x8664		msys
usr/lib/perl5/core_perl/CORE/msys-perl5_42.dll	x64	0x8664		msys
usr/lib/perl5/core_perl/auto/B/B.dll	x64	0x8664		msys
usr/lib/perl5/core_perl/auto/Compress/Raw/Bzip2/Bzip2.dll	x64	0x8664		msys
usr/lib/perl5/core_perl/auto/Compress/Raw/Zlib/Zlib.dll	x64	0x8664		msys
usr/lib/perl5/core_perl/auto/Cwd/Cwd.dll	x64	0x8664		msys
usr/lib/perl5/core_perl/auto/Data/Dumper/Dumper.dll	x64	0x8664		msys
usr/lib/perl5/core_perl/auto/Devel/Peek/Peek.dll	x64	0x8664		msys
usr/lib/perl5/core_perl/auto/Digest/MD5/MD5.dll	x64	0x8664		msys
usr/lib/perl5/core_perl/auto/Digest/SHA/SHA.dll	x64	0x8664		msys
usr/lib/perl5/core_perl/auto/Encode/Byte/Byte.dll	x64	0x8664		msys
usr/lib/perl5/core_perl/auto/Encode/CN/CN.dll	x64	0x8664		msys
usr/lib/perl5/core_perl/auto/Encode/EBCDIC/EBCDIC.dll	x64	0x8664		msys
usr/lib/perl5/core_perl/auto/Encode/Encode.dll	x64	0x8664		msys
usr/lib/perl5/core_perl/auto/Encode/JP/JP.dll	x64	0x8664		msys
usr/lib/perl5/core_perl/auto/Encode/KR/KR.dll	x64	0x8664		msys
usr/lib/perl5/core_perl/auto/Encode/Symbol/Symbol.dll	x64	0x8664		msys
usr/lib/perl5/core_perl/auto/Encode/TW/TW.dll	x64	0x8664		msys
usr/lib/perl5/core_perl/auto/Encode/Unicode/Unicode.dll	x64	0x8664		msys
usr/lib/perl5/core_perl/auto/Fcntl/Fcntl.dll	x64	0x8664		msys
usr/lib/perl5/core_perl/auto/File/DosGlob/DosGlob.dll	x64	0x8664		msys
usr/lib/perl5/core_perl/auto/File/Glob/Glob.dll	x64	0x8664		msys
usr/lib/perl5/core_perl/auto/Filter/Util/Call/Call.dll	x64	0x8664		msys
usr/lib/perl5/core_perl/auto/GDBM_File/GDBM_File.dll	x64	0x8664		msys
usr/lib/perl5/core_perl/auto/Hash/Util/FieldHash/FieldHash.dll	x64	0x8664		msys
usr/lib/perl5/core_perl/auto/Hash/Util/Util.dll	x64	0x8664		msys
usr/lib/perl5/core_perl/auto/I18N/Langinfo/Langinfo.dll	x64	0x8664		msys
usr/lib/perl5/core_perl/auto/IO/IO.dll	x64	0x8664		msys
usr/lib/perl5/core_perl/auto/IPC/SysV/SysV.dll	x64	0x8664		msys
usr/lib/perl5/core_perl/auto/List/Util/Util.dll	x64	0x8664		msys
usr/lib/perl5/core_perl/auto/MIME/Base64/Base64.dll	x64	0x8664		msys
usr/lib/perl5/core_perl/auto/Math/BigInt/FastCalc/FastCalc.dll	x64	0x8664		msys
usr/lib/perl5/core_perl/auto/NDBM_File/NDBM_File.dll	x64	0x8664		msys
usr/lib/perl5/core_perl/auto/Opcode/Opcode.dll	x64	0x8664		msys
usr/lib/perl5/core_perl/auto/POSIX/POSIX.dll	x64	0x8664		msys
usr/lib/perl5/core_perl/auto/PerlIO/encoding/encoding.dll	x64	0x8664		msys
usr/lib/perl5/core_perl/auto/PerlIO/mmap/mmap.dll	x64	0x8664		msys
usr/lib/perl5/core_perl/auto/PerlIO/via/via.dll	x64	0x8664		msys
usr/lib/perl5/core_perl/auto/SDBM_File/SDBM_File.dll	x64	0x8664		msys
usr/lib/perl5/core_perl/auto/Socket/Socket.dll	x64	0x8664		msys
usr/lib/perl5/core_perl/auto/Storable/Storable.dll	x64	0x8664		msys
usr/lib/perl5/core_perl/auto/Sys/Hostname/Hostname.dll	x64	0x8664		msys
usr/lib/perl5/core_perl/auto/Sys/Syslog/Syslog.dll	x64	0x8664		msys
usr/lib/perl5/core_perl/auto/Time/HiRes/HiRes.dll	x64	0x8664		msys
usr/lib/perl5/core_perl/auto/Time/Piece/Piece.dll	x64	0x8664		msys
usr/lib/perl5/core_perl/auto/Unicode/Collate/Collate.dll	x64	0x8664		msys
usr/lib/perl5/core_perl/auto/Unicode/Normalize/Normalize.dll	x64	0x8664		msys
usr/lib/perl5/core_perl/auto/Win32/Win32.dll	x64	0x8664		msys
usr/lib/perl5/core_perl/auto/Win32API/File/File.dll	x64	0x8664		msys
usr/lib/perl5/core_perl/auto/XS/APItest/APItest.dll	x64	0x8664		msys
usr/lib/perl5/core_perl/auto/XS/Typemap/Typemap.dll	x64	0x8664		msys
usr/lib/perl5/core_perl/auto/attributes/attributes.dll	x64	0x8664		msys
usr/lib/perl5/core_perl/auto/mro/mro.dll	x64	0x8664		msys
usr/lib/perl5/core_perl/auto/re/re.dll	x64	0x8664		msys
usr/lib/perl5/core_perl/auto/threads/shared/shared.dll	x64	0x8664		msys
usr/lib/perl5/core_perl/auto/threads/threads.dll	x64	0x8664		msys
usr/lib/perl5/vendor_perl/auto/Clone/Clone.dll	x64	0x8664		msys
usr/lib/perl5/vendor_perl/auto/HTML/Parser/Parser.dll	x64	0x8664		msys
usr/lib/perl5/vendor_perl/auto/Net/SSLeay/SSLeay.dll	x64	0x8664		msys
usr/lib/perl5/vendor_perl/auto/SVN/_Client/_Client.dll	x64	0x8664		msys
usr/lib/perl5/vendor_perl/auto/SVN/_Core/_Core.dll	x64	0x8664		msys
usr/lib/perl5/vendor_perl/auto/SVN/_Delta/_Delta.dll	x64	0x8664		msys
usr/lib/perl5/vendor_perl/auto/SVN/_Fs/_Fs.dll	x64	0x8664		msys
usr/lib/perl5/vendor_perl/auto/SVN/_Ra/_Ra.dll	x64	0x8664		msys
usr/lib/perl5/vendor_perl/auto/SVN/_Repos/_Repos.dll	x64	0x8664		msys
usr/lib/perl5/vendor_perl/auto/SVN/_Wc/_Wc.dll	x64	0x8664		msys
usr/lib/perl5/vendor_perl/auto/Term/ReadKey/ReadKey.dll	x64	0x8664		msys
usr/lib/pkcs11/p11-kit-trust.dll	x64	0x8664		msys
usr/lib/sasl2/msys-anonymous-3.dll	x64	0x8664		msys
usr/lib/sasl2/msys-crammd5-3.dll	x64	0x8664		msys
usr/lib/sasl2/msys-digestmd5-3.dll	x64	0x8664		msys
usr/lib/sasl2/msys-gs2-3.dll	x64	0x8664		msys
usr/lib/sasl2/msys-gssapiv2-3.dll	x64	0x8664		msys
usr/lib/sasl2/msys-otp-3.dll	x64	0x8664		msys
usr/lib/sasl2/msys-plain-3.dll	x64	0x8664		msys
usr/lib/sasl2/msys-scram-3.dll	x64	0x8664		msys
usr/lib/ssh/sftp-server.exe	x64	0x8664		msys
usr/lib/ssh/ssh-keysign.exe	x64	0x8664		msys
usr/lib/ssh/ssh-pkcs11-helper.exe	x64	0x8664		msys
usr/lib/ssh/ssh-sk-helper.exe	x64	0x8664		msys
usr/lib/tar/rmt.exe	x64	0x8664		msys
usr/libexec/frcode.exe	x64	0x8664		msys
usr/libexec/getprocaddr32.exe	x86	0x014C		msys
usr/libexec/getprocaddr64.exe	x64	0x8664		msys
usr/libexec/lessecho.exe	x64	0x8664		msys
usr/libexec/p11-kit/p11-kit-remote.exe	x64	0x8664		msys
usr/libexec/p11-kit/p11-kit-server.exe	x64	0x8664		msys
