{"current":{"color_background":"#ffffff","color_secondary_background":"#ebf2ef","color_borders_and_lines":"#577b46","color_button":"#2d4f1e","color_headings_and_links":"#2d4f1e","color_body_text":"#537344","color_secondary_background_text":"#2d4f1e","color_sale_price":"#e84c37","color_field_text":"#2d4f1e","color_field_borders":"#2d4f1e","font_heading":"futura_n5","font_heading_base_size":26,"font_body":"karla_n4","font_body_base_size":16,"show_cart_drawer":true,"show_cart_note":true,"share_image":"shopify:\/\/shop_images\/logo_99ec3efc-3218-4610-9e1c-653b31574aa9.png","share_facebook":true,"share_twitter":true,"share_pinterest":true,"social_twitter_link":"","social_facebook_link":"","social_pinterest_link":"","social_instagram_link":"","social_tumblr_link":"","social_snapchat_link":"","social_youtube_link":"","social_vimeo_link":"","favicon":"shopify:\/\/shop_images\/favicon.png","checkout_header_image":"shopify:\/\/shop_images\/classic-neon-open-sign.jpg","checkout_logo_image":"shopify:\/\/shop_images\/logo_99ec3efc-3218-4610-9e1c-653b31574aa9.png","checkout_logo_position":"left","checkout_logo_size":"medium","checkout_body_background_image":"","checkout_body_background_color":"#fff","checkout_input_background_color_mode":"white","checkout_sidebar_background_image":"","checkout_sidebar_background_color":"#fafafa","checkout_heading_font":"-apple-system, BlinkMacSystemFont, 'Segoe UI', Roboto, Helvetica, Arial, sans-serif, 'Apple Color Emoji', 'Segoe UI Emoji', 'Segoe UI Symbol'","checkout_body_font":"-apple-system, BlinkMacSystemFont, 'Segoe UI', Roboto, Helvetica, Arial, sans-serif, 'Apple Color Emoji', 'Segoe UI Emoji', 'Segoe UI Symbol'","checkout_accent_color":"#197bbd","checkout_button_color":"#197bbd","checkout_error_color":"#e32c2b","sections":{"header":{"type":"header","settings":{"logo":"shopify:\/\/shop_images\/logo_39f8bcd2-c554-4d6c-8d5a-9e37e01c7ad5.png","logo_max_width":90,"enable_secondary_background":true,"announcement_bar_enabled":true,"announcement_bar_text":"THE TOP 2020 MUST HAVE LIFEHACK GADGETS TO SAVE YOU MONEY AND GIVE YOU PEACE OF MIND DURING THE HECTIC COVID19 NATIONAL CRISIS!","announcement_bar_color_background":"#51836d","announcement_bar_color_text":"#ffffff"}},"image-with-text-0":{"type":"image-with-text","settings":{"image":"shopify:\/\/shop_images\/logo.png","keep_image_ratio":true,"title":"One Stop Shop for All the Essentials","text_size":"medium","text":"<p><\/p>\n<p>Hello! We all know Junk food is bad! We all know this Corona Virus sucks! Did you get your stimulus check? Come take your mind off reality with online shopping! We have Every Thing or Will Help you find it!<\/p>","secondary_background":"no_background","enable_secondary_text_color":true,"desktop_layout":"left","mobile_layout":"top"}},"featured-collections-0":{"type":"featured-collections","disabled":true,"blocks":{"featured-collections-0-0":{"type":"collection","settings":{"collection":"super-lifehack-gadgets-for-anyone"}},"1591245379068":{"type":"collection","settings":{"collection":""}}},"block_order":["featured-collections-0-0","1591245379068"],"settings":{"list_size":"medium","image_style":"square"}},"image-with-text-1":{"type":"image-with-text","disabled":true,"settings":{"image":"","keep_image_ratio":true,"title":"Image with text","text_size":"large","text":"<p>Pair large text with an image to give focus to your chosen product, collection, or blog post. Add details on availability, style, or even provide a review.<\/p>","secondary_background":"full_background","enable_secondary_text_color":false,"desktop_layout":"right","mobile_layout":"bottom"}},"image-with-text-2":{"type":"image-with-text","disabled":true,"settings":{"image":"","keep_image_ratio":true,"title":"Image with text","text_size":"large","text":"<p>Pair large text with an image to give focus to your chosen product, collection, or blog post. Add details on availability, style, or even provide a review.<\/p>","secondary_background":"no_background","enable_secondary_text_color":false,"desktop_layout":"left","mobile_layout":"bottom"}},"featured-collections-1":{"type":"featured-collections","disabled":true,"blocks":{"featured-collections-1-0":{"type":"collection","settings":{"collection":""}},"featured-collections-1-1":{"type":"collection","settings":{"collection":""}},"featured-collections-1-2":{"type":"collection","settings":{"collection":""}},"featured-collections-1-3":{"type":"collection","settings":{"collection":""}},"featured-collections-1-4":{"type":"collection","settings":{"collection":""}}},"block_order":["featured-collections-1-0","featured-collections-1-1","featured-collections-1-2","featured-collections-1-3","featured-collections-1-4"],"settings":{"list_size":"small","image_style":"square"}},"featured-product":{"type":"featured-product","disabled":true,"settings":{"product":"instantly-reduce-your-electric-bill-by-up-to-90","show_quantity_selector":true,"show_vendor":true,"enable_dynamic_checkout":true,"show_social_buttons":true}},"footer":{"type":"footer","blocks":{"1591239035794":{"type":"link_list","settings":{"title":"About us","menu":"footer"}},"footer-0":{"type":"text","settings":{"title":"Thank you so much and God Bless","text":""}},"footer-2":{"type":"newsletter","settings":{"title":"To recieve updates and promos"}}},"block_order":["1591239035794","footer-0","footer-2"],"settings":{"show_payment_icons":true,"color_footer_background":"#ebf2ef","color_footer_heading_text":"#2d4f1e","color_footer_body_text":"#577b46"}},"product":{"type":"product","settings":{"show_quantity_selector":false,"show_vendor":true,"enable_dynamic_checkout":true,"show_social_buttons":true}},"collection-template":{"type":"collection-template","settings":{"show_collection_image":true,"show_vendor":true}}},"content_for_index":["image-with-text-0","image-with-text-1","image-with-text-2","featured-collections-1","featured-collections-0","featured-product"]},"presets":{"Bistro":{"sections":{"header":{"type":"header","settings":{}},"image-with-text-0":{"type":"image-with-text","settings":{"keep_image_ratio":true,"text_size":"large","text":"","desktop_layout":"right"}},"featured-collections":{"type":"featured-collections","blocks":{"featured-collections-0":{"type":"collection","settings":{}},"featured-collections-1":{"type":"collection","settings":{}},"featured-collections-2":{"type":"collection","settings":{}},"featured-collections-3":{"type":"collection","settings":{}},"featured-collections-4":{"type":"collection","settings":{}}},"block_order":["featured-collections-0","featured-collections-1","featured-collections-2","featured-collections-3","featured-collections-4"],"settings":{}},"featured-product":{"type":"featured-product","settings":{"enable_dynamic_checkout":false,"show_social_buttons":false}},"image-with-text-1":{"type":"image-with-text","settings":{"keep_image_ratio":true,"text_size":"medium","secondary_background":"full_background","desktop_layout":"right"}},"image-with-text-2":{"type":"image-with-text","settings":{"keep_image_ratio":true,"text_size":"medium","secondary_background":"full_background"}},"image-with-text-3":{"type":"image-with-text","settings":{"keep_image_ratio":true,"text_size":"medium","secondary_background":"full_background","desktop_layout":"right"}},"footer":{"type":"footer","blocks":{"footer-0":{"type":"text","settings":{}},"footer-1":{"type":"newsletter","settings":{}}},"block_order":["footer-0","footer-1"],"settings":{}}},"content_for_index":["image-with-text-0","featured-collections","featured-product","image-with-text-1","image-with-text-2","image-with-text-3"]},"Pantry":{"color_background":"#FFFFFF","color_secondary_background":"#EBF2EF","color_borders_and_lines":"#577B46","color_button":"#2D4F1E","color_headings_and_links":"#2D4F1E","color_body_text":"#537344","color_secondary_background_text":"#2D4F1E","color_sale_price":"#E84C37","color_field_text":"#2D4F1E","color_field_borders":"#2D4F1E","font_heading":"futura_n5","font_body":"karla_n4","sections":{"header":{"type":"header","settings":{"enable_secondary_background":false,"announcement_bar_color_background":"#51836D","announcement_bar_color_text":"#FFFFFF"}},"image-with-text-0":{"type":"image-with-text","settings":{"keep_image_ratio":true,"text_size":"large","secondary_background":"no_background"}},"featured-collections-0":{"type":"featured-collections","blocks":{"featured-collections-0-0":{"type":"collection","settings":{}},"featured-collections-0-1":{"type":"collection","settings":{}},"featured-collections-0-2":{"type":"collection","settings":{}},"featured-collections-0-3":{"type":"collection","settings":{}}},"block_order":["featured-collections-0-0","featured-collections-0-1","featured-collections-0-2","featured-collections-0-3"],"settings":{}},"image-with-text-1":{"type":"image-with-text","settings":{"keep_image_ratio":true,"text_size":"large","secondary_background":"full_background","desktop_layout":"right"}},"image-with-text-2":{"type":"image-with-text","settings":{"keep_image_ratio":true,"text_size":"large","secondary_background":"no_background"}},"featured-collections-1":{"type":"featured-collections","blocks":{"featured-collections-1-0":{"type":"collection","settings":{}},"featured-collections-1-1":{"type":"collection","settings":{}},"featured-collections-1-2":{"type":"collection","settings":{}},"featured-collections-1-3":{"type":"collection","settings":{}},"featured-collections-1-4":{"type":"collection","settings":{}}},"block_order":["featured-collections-1-0","featured-collections-1-1","featured-collections-1-2","featured-collections-1-3","featured-collections-1-4"],"settings":{}},"featured-product":{"type":"featured-product","settings":{"show_quantity_selector":true,"enable_dynamic_checkout":false,"show_social_buttons":false}},"footer":{"type":"footer","blocks":{"footer-0":{"type":"text","settings":{}},"footer-1":{"type":"text","settings":{}},"footer-2":{"type":"newsletter","settings":{}}},"block_order":["footer-0","footer-1","footer-2"],"settings":{"color_footer_background":"#EBF2EF","color_footer_heading_text":"#2D4F1E","color_footer_body_text":"#577B46"}}},"content_for_index":["image-with-text-0","featured-collections-0","image-with-text-1","image-with-text-2","featured-collections-1","featured-product"]}}}